{"GA": {"ensemble_summary": {"num_plans": 8, "num_incumbents": 3, "avg_incumbent_winners": 2.0, "avg_geo_var": 47.36148246847432, "avg_pop_var": 44.979649003330685}, "winner_split": {"1/1": 8}, "b_w_data": {"geo_variations": [[20.062766300639222, 34.09304761822064, 34.77963007387278, 41.92137201558105, 70.25697597494309], [34.09304761822064, 39.96429091624095, 56.08917399526207, 73.28486207419158, 82.36852037193702], [70.25697597494309, 70.25697597494309, 76.31274817344006, 82.36852037193702, 82.36852037193702]], "pop_variations": [[17.918303592559283, 28.533946772030994, 30.039454323479553, 31.544961874928113, 65.53347292681258], [28.533946772030994, 41.57424078888034, 55.72723919398801, 69.25665554323186, 80.4262033924897], [65.53347292681258, 65.53347292681258, 72.97983815965114, 80.4262033924897, 80.4262033924897]], "VAPBLACK_percentages": [[29.520931667335585, 29.520931667335585, 32.71613308554584, 35.9113345037561, 35.9113345037561], [45.60588037441446, 45.60588037441446, 52.22169115925468, 62.127064158155726, 71.9957508003382], [52.26544327357189, 52.26544327357189, 62.130597036955045, 71.9957508003382, 71.9957508003382]]}, "incumbent_data": {"Buddy Carter": {"geo_variations": [34.09304761822064, 70.25697597494309, 34.09304761822064, 70.25697597494309, 34.09304761822064, 70.25697597494309, 34.09304761822064, 70.25697597494309], "pop_variations": [28.533946772030994, 65.53347292681258, 28.533946772030994, 65.53347292681258, 28.533946772030994, 65.53347292681258, 28.533946772030994, 65.53347292681258], "VAPBLACK_percentages": [29.520931667335585, 35.9113345037561, 29.520931667335585, 35.9113345037561, 29.520931667335585, 35.9113345037561, 29.520931667335585, 35.9113345037561]}, "Sanford Bishop": {"geo_variations": [82.36852037193702, 41.92137201558105, 82.36852037193702, 41.92137201558105, 82.36852037193702, 41.92137201558105, 82.36852037193702, 41.92137201558105], "pop_variations": [80.4262033924897, 31.544961874928113, 80.4262033924897, 31.544961874928113, 80.4262033924897, 31.544961874928113, 80.4262033924897, 31.544961874928113], "VAPBLACK_percentages": [71.9957508003382, 45.60588037441446, 71.9957508003382, 45.60588037441446, 71.9957508003382, 45.60588037441446, 71.9957508003382, 45.60588037441446]}, "Drew Ferguson": {"geo_variations": [20.062766300639222, 35.46621252952493, 20.062766300639222, 35.46621252952493, 20.062766300639222, 35.46621252952493, 20.062766300639222, 35.46621252952493], "pop_variations": [17.918303592559283, 45.92100546116345, 17.918303592559283, 45.92100546116345, 17.918303592559283, 45.92100546116345, 17.918303592559283, 45.92100546116345], "VAPBLACK_percentages": [58.8375019440949, 52.26544327357189, 58.8375019440949, 52.26544327357189, 58.8375019440949, 52.26544327357189, 58.8375019440949, 52.26544327357189]}}}, "NY": {"ensemble_summary": {"num_plans": 8, "num_incumbents": 6, "avg_incumbent_winners": 3.0, "avg_geo_var": 59.572971901934615, "avg_pop_var": 55.83867640582677}, "winner_split": {"3/0": 8}, "b_w_data": {"geo_variations": [[6.558077358018155, 7.677718234507585, 26.807718434442098, 45.59071985939493, 91.78499343235053], [45.56450500888013, 45.56450500888013, 45.669364410939316, 78.06543881404696, 91.78499343235053], [46.44222131584394, 57.663870500212866, 69.7349295211914, 81.59425741876296, 92.01772824335347], [78.06543881404696, 78.06543881404696, 78.19734541423377, 91.78499343235053, 92.01772824335347], [80.27659794717918, 80.70217857931733, 86.3145161111903, 91.84317713510127, 92.01772824335347], [91.78499343235053, 91.78499343235053, 91.901360837852, 92.01772824335347, 92.01772824335347]], "pop_variations": [[18.264549483013294, 20.45352993744415, 35.06152965282047, 47.300028038640285, 89.22449821128063], [23.156450535729846, 25.886298396695373, 50.363295168335, 80.81369367183314, 89.22449821128063], [44.23676090894557, 53.42656229802971, 68.65176154977878, 80.86779518844992, 89.22449821128063], [73.67838220011245, 76.10281095030868, 80.8353137376581, 80.90037934335052, 89.22449821128063], [80.81369367183314, 80.84612377057059, 80.87865657341679, 82.98140906033305, 89.22449821128063], [80.85693380348306, 80.85693380348306, 85.04071600738185, 89.22449821128063, 89.22449821128063]], "VAPBLACK_percentages": [[2.2908345450489542, 2.2908345450489542, 2.29999311084648, 2.29999311084648, 34.24905632247003], [3.996216225621784, 4.366176972671809, 5.620370526529116, 17.00700525669926, 34.24905632247003], [4.366176972671809, 6.706857220481256, 8.004942069895526, 17.05488688034116, 34.24905632247003], [6.706857220481256, 9.016137461600234, 13.071162658051943, 17.19853175126687, 34.24905632247003], [9.016137461600234, 15.009288307924503, 17.102768503983064, 21.461162894067662, 34.24905632247003], [17.00700525669926, 17.00700525669926, 25.628030789584646, 34.24905632247003, 34.24905632247003]]}, "incumbent_data": {"Andrew Garbarino": {"geo_variations": [91.78499343235053, 45.56450500888013, 91.78499343235053, 45.56450500888013, 91.78499343235053, 45.56450500888013, 91.78499343235053, 45.56450500888013], "pop_variations": [89.22449821128063, 44.23676090894557, 89.22449821128063, 44.23676090894557, 89.22449821128063, 44.23676090894557, 89.22449821128063, 44.23676090894557], "VAPBLACK_percentages": [34.24905632247003, 17.00700525669926, 34.24905632247003, 17.00700525669926, 34.24905632247003, 17.00700525669926, 34.24905632247003, 17.00700525669926]}, "Gregory W. Meeks": {"geo_variations": [78.19734541423377, 78.06543881404696, 78.19734541423377, 78.06543881404696, 78.19734541423377, 78.06543881404696, 78.19734541423377, 78.06543881404696], "pop_variations": [80.90037934335052, 80.81369367183314, 80.90037934335052, 80.81369367183314, 80.90037934335052, 80.81369367183314, 80.90037934335052, 80.81369367183314], "VAPBLACK_percentages": [2.2908345450489542, 2.29999311084648, 2.2908345450489542, 2.29999311084648, 2.2908345450489542, 2.29999311084648, 2.2908345450489542, 2.29999311084648]}, "Grace Meng": {"geo_variations": [45.669364410939316, 92.01772824335347, 45.669364410939316, 92.01772824335347, 45.669364410939316, 92.01772824335347, 45.669364410939316, 92.01772824335347], "pop_variations": [56.48982942772442, 80.85693380348306, 56.48982942772442, 80.85693380348306, 56.48982942772442, 80.85693380348306, 56.48982942772442, 80.85693380348306], "VAPBLACK_percentages": [17.19853175126687, 4.366176972671809, 17.19853175126687, 4.366176972671809, 17.19853175126687, 4.366176972671809, 17.19853175126687, 4.366176972671809]}, "Nydia Vel\u00e1zquez": {"geo_variations": [6.558077358018155, 8.050931860004063, 6.558077358018155, 8.050931860004063, 6.558077358018155, 8.050931860004063, 6.558077358018155, 8.050931860004063], "pop_variations": [23.156450535729846, 25.886298396695373, 23.156450535729846, 25.886298396695373, 23.156450535729846, 25.886298396695373, 23.156450535729846, 25.886298396695373], "VAPBLACK_percentages": [6.874564080386422, 6.706857220481256, 6.874564080386422, 6.706857220481256, 6.874564080386422, 6.706857220481256, 6.874564080386422, 6.706857220481256]}, "Hakeem Jeffries": {"geo_variations": [61.404420228335844, 46.44222131584394, 61.404420228335844, 46.44222131584394, 61.404420228335844, 46.44222131584394, 61.404420228335844, 46.44222131584394], "pop_variations": [20.45352993744415, 18.264549483013294, 20.45352993744415, 18.264549483013294, 20.45352993744415, 18.264549483013294, 20.45352993744415, 18.264549483013294], "VAPBLACK_percentages": [9.135320059404629, 9.016137461600234, 9.135320059404629, 9.016137461600234, 9.135320059404629, 9.016137461600234, 9.135320059404629, 9.016137461600234]}, "Yvette Clarke": {"geo_variations": [80.84403879003005, 80.27659794717918, 80.84403879003005, 80.27659794717918, 80.84403879003005, 80.27659794717918, 80.84403879003005, 80.27659794717918], "pop_variations": [76.10281095030868, 73.67838220011245, 76.10281095030868, 73.67838220011245, 76.10281095030868, 73.67838220011245, 76.10281095030868, 73.67838220011245],